{"Camera calibrated": 0.27409735779823274, "Camera matrix": [[1489.9764391024, 0.0, 1333.1222686839515], [0.0, 1490.6424583115063, 1040.4737461231173], [0.0, 0.0, 1.0]], "Distorsion Parameters": [[-0.4271297870527036, 0.28367973854022827, 0.00022785614556819608, 6.81989130597166e-05, -0.12776473101830974]]}