{"Camera calibrated": 0.18016364956238276, "Camera matrix": [[366.25221103365885, 0.0, 328.5693370019902], [0.0, 366.03222058310655, 257.5096681622958], [0.0, 0.0, 1.0]], "Distorsion Parameters": [[-0.4333356256658805, 0.30539725533598366, -0.0009043512564664445, -4.009713313063124e-05, -0.15682601357767328]]}